epoch,train_total,train_loss,train_acc,train_death_prec,train_death_rec,train_death_f1,val_total,val_loss,val_acc,val_death_prec,val_death_rec,val_death_f1,gap,lr,time_s
1,6.576616,6.576616,0.0048,0.0000,0.0000,0.0000,6.350341,6.350341,0.0112,0.0000,0.0000,0.0000,-0.2263,4.2e-04,90.1
2,4.873416,4.873416,0.0864,0.0000,0.0000,0.0000,4.047384,4.047384,0.1511,0.0000,0.0000,0.0000,-0.8260,8.1e-04,74.4
3,4.076846,4.076846,0.1413,0.6946,0.2929,0.4120,3.720116,3.720116,0.1812,0.3528,0.6010,0.4446,-0.3567,1.2e-03,74.6
4,3.850361,3.850361,0.1620,0.7520,0.5268,0.6196,3.573944,3.573944,0.1962,0.4457,0.6463,0.5276,-0.2764,1.6e-03,74.3
5,3.742694,3.742694,0.1733,0.7873,0.6246,0.6966,3.498885,3.498885,0.2055,0.7239,0.4668,0.5676,-0.2438,2.0e-03,74.6
6,3.668128,3.668128,0.1816,0.8080,0.6875,0.7429,3.437497,3.437497,0.2126,0.5800,0.7302,0.6465,-0.2306,2.0e-03,74.4
7,3.596008,3.596008,0.1907,0.8290,0.7421,0.7832,3.377489,3.377489,0.2206,0.4648,0.8541,0.6020,-0.2185,2.0e-03,74.3
8,3.541586,3.541586,0.1977,0.8438,0.7713,0.8059,3.345436,3.345436,0.2259,0.6546,0.7210,0.6862,-0.1961,2.0e-03,74.4
9,3.500627,3.500627,0.2030,0.8508,0.7962,0.8226,3.301443,3.301443,0.2317,0.6650,0.7668,0.7123,-0.1992,2.0e-03,74.4
10,3.465340,3.465340,0.2078,0.8594,0.8090,0.8334,3.276556,3.276556,0.2356,0.6682,0.7927,0.7251,-0.1888,2.0e-03,74.7
11,3.432485,3.432485,0.2123,0.8623,0.8208,0.8410,3.248092,3.248092,0.2400,0.5629,0.8707,0.6838,-0.1844,2.0e-03,74.3
12,3.405514,3.405514,0.2162,0.8689,0.8301,0.8490,3.227309,3.227309,0.2438,0.6787,0.8141,0.7403,-0.1782,2.0e-03,74.6
13,3.381104,3.381104,0.2195,0.8710,0.8348,0.8525,3.196216,3.196216,0.2476,0.6288,0.8527,0.7238,-0.1849,2.0e-03,74.4
14,3.359200,3.359200,0.2227,0.8755,0.8411,0.8580,3.181423,3.181423,0.2499,0.4829,0.9215,0.6337,-0.1778,2.0e-03,74.4
15,3.340515,3.340515,0.2253,0.8778,0.8484,0.8629,3.164679,3.164679,0.2522,0.5688,0.8898,0.6939,-0.1758,2.0e-03,74.3
16,3.323861,3.323861,0.2277,0.8799,0.8518,0.8656,3.150509,3.150509,0.2551,0.5455,0.9156,0.6837,-0.1734,2.0e-03,74.4
17,3.306853,3.306853,0.2302,0.8835,0.8601,0.8716,3.139669,3.139669,0.2569,0.5698,0.9020,0.6984,-0.1672,2.0e-03,74.7
18,3.295022,3.295022,0.2322,0.8828,0.8198,0.8502,3.124656,3.124656,0.2591,0.6660,0.8737,0.7559,-0.1704,2.0e-03,74.4
19,3.279955,3.279955,0.2343,0.8810,0.8544,0.8675,3.111837,3.111837,0.2606,0.6152,0.8868,0.7265,-0.1681,2.0e-03,74.7
20,3.263958,3.263958,0.2365,0.8880,0.8632,0.8755,3.109672,3.109672,0.2610,0.7231,0.8483,0.7807,-0.1543,2.0e-03,74.4
21,3.253567,3.253567,0.2382,0.8927,0.8718,0.8821,3.097533,3.097533,0.2630,0.5788,0.9078,0.7069,-0.1560,2.0e-03,74.3
22,3.242437,3.242437,0.2397,0.8917,0.8732,0.8823,3.091480,3.091480,0.2643,0.6470,0.8878,0.7485,-0.1510,2.0e-03,74.4
23,3.230907,3.230907,0.2414,0.8929,0.8762,0.8844,3.082230,3.082230,0.2658,0.6869,0.8659,0.7661,-0.1487,2.0e-03,74.3
24,3.220683,3.220683,0.2431,0.8941,0.8747,0.8843,3.078201,3.078201,0.2660,0.6602,0.8834,0.7557,-0.1425,2.0e-03,74.6
25,3.209640,3.209640,0.2448,0.8963,0.8795,0.8878,3.069705,3.069705,0.2670,0.7079,0.8737,0.7821,-0.1399,1.9e-03,74.3
26,3.202371,3.202371,0.2460,0.8989,0.8824,0.8906,3.062289,3.062289,0.2687,0.5441,0.9351,0.6880,-0.1401,1.9e-03,74.7
27,3.193546,3.193546,0.2472,0.8973,0.8774,0.8872,3.053060,3.053060,0.2704,0.6254,0.9024,0.7388,-0.1405,1.9e-03,74.4
28,3.185548,3.185548,0.2486,0.8978,0.8846,0.8911,3.053965,3.053965,0.2698,0.7036,0.8756,0.7803,-0.1316,1.9e-03,74.3
29,3.176215,3.176215,0.2498,0.8994,0.8869,0.8931,3.044782,3.044782,0.2715,0.6874,0.8883,0.7751,-0.1314,1.9e-03,74.4
30,3.167959,3.167959,0.2514,0.9042,0.8916,0.8978,3.044379,3.044379,0.2725,0.5914,0.9229,0.7209,-0.1236,1.9e-03,74.3
31,3.161435,3.161435,0.2522,0.9023,0.8956,0.8989,3.042353,3.042353,0.2732,0.6339,0.9156,0.7492,-0.1191,1.9e-03,74.7
32,3.155323,3.155323,0.2534,0.9048,0.8933,0.8990,3.035311,3.035311,0.2740,0.6133,0.9205,0.7361,-0.1200,1.9e-03,74.3
33,3.148235,3.148235,0.2545,0.9029,0.8936,0.8982,3.034635,3.034635,0.2744,0.6863,0.8912,0.7755,-0.1136,1.9e-03,74.6
34,3.142340,3.142340,0.2553,0.9067,0.8940,0.9003,3.028014,3.028014,0.2754,0.6627,0.9068,0.7658,-0.1143,1.9e-03,74.3
35,3.135571,3.135571,0.2565,0.9050,0.8986,0.9018,3.034606,3.034606,0.2746,0.6174,0.9210,0.7392,-0.1010,1.9e-03,74.4
36,3.128096,3.128096,0.2576,0.9091,0.8988,0.9039,3.023951,3.023951,0.2751,0.7614,0.8546,0.8053,-0.1041,1.9e-03,74.4
37,3.122735,3.122735,0.2585,0.9095,0.9034,0.9065,3.025179,3.025179,0.2767,0.6261,0.9190,0.7448,-0.0976,1.9e-03,74.4
38,3.120237,3.120237,0.2590,0.9103,0.9032,0.9067,3.022570,3.022570,0.2759,0.6050,0.9263,0.7319,-0.0977,1.9e-03,74.6
39,3.113325,3.113325,0.2598,0.9111,0.9037,0.9074,3.015235,3.015235,0.2772,0.6361,0.9141,0.7502,-0.0981,1.9e-03,74.4
40,3.107853,3.107853,0.2609,0.9089,0.9037,0.9063,3.027051,3.027051,0.2752,0.6389,0.9176,0.7533,-0.0808,1.8e-03,74.7
41,3.103083,3.103083,0.2615,0.9106,0.9037,0.9072,3.019023,3.019023,0.2778,0.6199,0.9180,0.7401,-0.0841,1.8e-03,74.4
42,3.095687,3.095687,0.2628,0.9118,0.9028,0.9073,3.013554,3.013554,0.2778,0.6674,0.9083,0.7694,-0.0821,1.8e-03,74.3
43,3.091192,3.091192,0.2637,0.9132,0.9093,0.9113,3.019381,3.019381,0.2776,0.6578,0.9141,0.7651,-0.0718,1.8e-03,74.3
44,3.088139,3.088139,0.2642,0.9157,0.9038,0.9097,3.019456,3.019456,0.2778,0.6329,0.9283,0.7526,-0.0687,1.8e-03,74.3
45,3.081141,3.081141,0.2652,0.9152,0.9075,0.9113,3.018779,3.018779,0.2771,0.6763,0.9161,0.7781,-0.0624,1.8e-03,74.6
46,3.077380,3.077380,0.2657,0.9136,0.9118,0.9127,3.014808,3.014808,0.2791,0.6513,0.9229,0.7637,-0.0626,1.8e-03,74.3
47,3.074214,3.074214,0.2663,0.9159,0.9125,0.9142,3.010545,3.010545,0.2792,0.7340,0.8859,0.8028,-0.0637,1.8e-03,74.6
48,3.070690,3.070690,0.2669,0.9136,0.9077,0.9106,3.011481,3.011481,0.2798,0.6907,0.9020,0.7823,-0.0592,1.8e-03,74.4
49,3.066989,3.066989,0.2678,0.9137,0.9088,0.9112,3.009427,3.009427,0.2804,0.7790,0.8634,0.8191,-0.0576,1.8e-03,74.3
50,3.062344,3.062344,0.2683,0.9143,0.9074,0.9108,3.009651,3.009651,0.2794,0.6727,0.9102,0.7736,-0.0527,1.8e-03,74.4
51,3.075552,3.075552,0.2662,0.9139,0.9044,0.9091,3.148776,3.148776,0.2563,0.6753,0.8673,0.7593,0.0732,1.7e-03,74.4
52,5.396454,5.396454,0.0857,0.1812,0.3373,0.2358,6.716604,6.716604,0.0037,0.0000,0.0000,0.0000,1.3201,1.7e-03,74.6
53,6.687462,6.687462,0.0028,0.0907,0.0043,0.0083,6.685215,6.685215,0.0024,0.0000,0.0000,0.0000,-0.0022,1.7e-03,74.5
54,6.748840,6.748840,0.0015,0.0695,0.0052,0.0097,6.583345,6.583345,0.0023,0.0000,0.0000,0.0000,-0.1655,1.7e-03,75.5
55,6.659408,6.659408,0.0026,0.1087,0.0007,0.0015,6.662590,6.662590,0.0037,0.0000,0.0000,0.0000,0.0032,1.7e-03,74.3
56,6.695555,6.695555,0.0024,0.0827,0.0017,0.0033,6.520325,6.520325,0.0032,0.0000,0.0000,0.0000,-0.1752,1.7e-03,74.3
57,6.619320,6.619320,0.0023,0.0652,0.0001,0.0003,6.543227,6.543227,0.0034,0.0000,0.0000,0.0000,-0.0761,1.7e-03,74.3
58,6.626984,6.626984,0.0023,0.0758,0.0008,0.0015,6.554081,6.554081,0.0029,0.0000,0.0000,0.0000,-0.0729,1.7e-03,74.2
59,6.640289,6.640289,0.0018,0.0845,0.0049,0.0093,6.565523,6.565523,0.0025,0.0000,0.0000,0.0000,-0.0748,1.7e-03,74.5
60,6.704741,6.704741,0.0021,0.0809,0.0102,0.0181,6.689934,6.689934,0.0041,0.1034,0.0015,0.0029,-0.0148,1.6e-03,74.5
61,6.702293,6.702293,0.0021,0.0578,0.0028,0.0053,6.594127,6.594127,0.0008,0.0000,0.0000,0.0000,-0.1082,1.6e-03,74.5
62,6.671144,6.671144,0.0014,0.0615,0.0020,0.0039,6.584347,6.584347,0.0008,0.0000,0.0000,0.0000,-0.0868,1.6e-03,74.2
63,6.669910,6.669910,0.0013,0.0608,0.0045,0.0083,6.591011,6.591011,0.0007,0.0000,0.0000,0.0000,-0.0789,1.6e-03,74.3
64,6.675867,6.675867,0.0012,0.0750,0.0044,0.0084,6.596142,6.596142,0.0008,0.0000,0.0000,0.0000,-0.0797,1.6e-03,74.3
65,6.680115,6.680115,0.0012,0.0788,0.0038,0.0072,6.606473,6.606473,0.0008,0.0000,0.0000,0.0000,-0.0736,1.6e-03,74.3
66,6.686194,6.686194,0.0013,0.0784,0.0048,0.0090,6.613495,6.613495,0.0009,0.0000,0.0000,0.0000,-0.0727,1.6e-03,74.5
67,6.692716,6.692716,0.0012,0.0724,0.0045,0.0084,6.619628,6.619628,0.0009,0.0000,0.0000,0.0000,-0.0731,1.6e-03,74.3
68,6.696287,6.696287,0.0011,0.0882,0.0046,0.0088,6.619405,6.619405,0.0009,0.0000,0.0000,0.0000,-0.0769,1.5e-03,74.5
69,6.696322,6.696322,0.0011,0.0643,0.0017,0.0033,6.624691,6.624691,0.0008,0.0000,0.0000,0.0000,-0.0716,1.5e-03,74.3
70,6.699735,6.699735,0.0011,0.0828,0.0018,0.0035,6.619980,6.619980,0.0008,0.0000,0.0000,0.0000,-0.0798,1.5e-03,74.3
71,6.705568,6.705568,0.0011,0.0781,0.0024,0.0046,6.637504,6.637504,0.0006,0.0000,0.0000,0.0000,-0.0681,1.5e-03,74.3
72,6.713222,6.713222,0.0009,0.0956,0.0013,0.0026,6.642618,6.642618,0.0006,0.0000,0.0000,0.0000,-0.0706,1.5e-03,74.3
73,6.711181,6.711181,0.0010,0.0884,0.0011,0.0021,6.633140,6.633140,0.0008,0.0000,0.0000,0.0000,-0.0780,1.5e-03,74.5
74,6.719396,6.719396,0.0009,0.0825,0.0012,0.0023,6.642604,6.642604,0.0006,0.0000,0.0000,0.0000,-0.0768,1.5e-03,74.2
75,6.721037,6.721037,0.0010,0.0583,0.0012,0.0023,6.661759,6.661759,0.0011,0.0000,0.0000,0.0000,-0.0593,1.4e-03,74.6
76,6.752075,6.752075,0.0010,0.0694,0.0056,0.0103,6.693618,6.693618,0.0016,0.0000,0.0000,0.0000,-0.0585,1.4e-03,74.3
77,6.751520,6.751520,0.0011,0.0609,0.0020,0.0038,6.677487,6.677487,0.0005,0.0000,0.0000,0.0000,-0.0740,1.4e-03,74.3
78,6.753909,6.753909,0.0012,0.0780,0.0025,0.0048,6.720944,6.720944,0.0015,0.0000,0.0000,0.0000,-0.0330,1.4e-03,74.3
79,6.748194,6.748194,0.0010,0.0632,0.0011,0.0023,6.688228,6.688228,0.0007,0.0000,0.0000,0.0000,-0.0600,1.4e-03,74.3
80,6.748462,6.748462,0.0010,0.0679,0.0019,0.0038,6.688930,6.688930,0.0012,0.0000,0.0000,0.0000,-0.0595,1.4e-03,74.6
81,6.745683,6.745683,0.0013,0.0772,0.0011,0.0023,6.704630,6.704630,0.0009,0.0000,0.0000,0.0000,-0.0411,1.4e-03,74.3
82,6.751310,6.751310,0.0010,0.0644,0.0006,0.0013,6.688499,6.688499,0.0010,0.0000,0.0000,0.0000,-0.0628,1.3e-03,74.6
83,6.765959,6.765959,0.0013,0.0937,0.0004,0.0009,6.719313,6.719313,0.0014,0.0000,0.0000,0.0000,-0.0466,1.3e-03,74.3
84,6.778195,6.778195,0.0012,0.0385,0.0000,0.0001,6.761885,6.761885,0.0010,0.0000,0.0000,0.0000,-0.0163,1.3e-03,74.3
85,6.799249,6.799249,0.0011,0.1250,0.0000,0.0001,6.749329,6.749329,0.0011,0.0000,0.0000,0.0000,-0.0499,1.3e-03,74.3
86,6.822958,6.822958,0.0014,0.0364,0.0001,0.0002,6.778574,6.778574,0.0013,0.0000,0.0000,0.0000,-0.0444,1.3e-03,74.2
87,6.829260,6.829260,0.0014,0.0500,0.0002,0.0005,6.782978,6.782978,0.0014,0.0000,0.0000,0.0000,-0.0463,1.3e-03,74.6
88,6.842423,6.842423,0.0014,0.0578,0.0005,0.0010,6.802846,6.802846,0.0017,0.0000,0.0000,0.0000,-0.0396,1.3e-03,74.3
89,6.836204,6.836204,0.0015,0.0838,0.0013,0.0026,6.790542,6.790542,0.0015,0.0000,0.0000,0.0000,-0.0457,1.2e-03,74.5
90,6.858392,6.858392,0.0014,0.0794,0.0207,0.0328,6.780966,6.780966,0.0015,0.0000,0.0000,0.0000,-0.0774,1.2e-03,74.3
91,6.832783,6.832783,0.0015,0.0705,0.0005,0.0011,6.792171,6.792171,0.0015,0.0000,0.0000,0.0000,-0.0406,1.2e-03,74.3
92,6.839662,6.839662,0.0014,0.0795,0.0003,0.0007,6.814859,6.814859,0.0015,0.0000,0.0000,0.0000,-0.0248,1.2e-03,74.3
93,6.856516,6.856516,0.0014,0.0728,0.0011,0.0021,6.814035,6.814035,0.0016,0.0000,0.0000,0.0000,-0.0425,1.2e-03,74.2
94,6.857819,6.857819,0.0014,0.1005,0.0009,0.0018,6.833217,6.833217,0.0016,0.0000,0.0000,0.0000,-0.0246,1.2e-03,74.6
95,6.863697,6.863697,0.0014,0.0682,0.0004,0.0009,6.814866,6.814866,0.0015,0.0000,0.0000,0.0000,-0.0488,1.1e-03,74.3
96,6.871317,6.871317,0.0014,0.1264,0.0005,0.0011,6.834125,6.834125,0.0015,0.0000,0.0000,0.0000,-0.0372,1.1e-03,74.5
97,6.882391,6.882391,0.0014,0.0649,0.0005,0.0010,6.839641,6.839641,0.0014,0.0000,0.0000,0.0000,-0.0427,1.1e-03,74.3
98,6.879815,6.879815,0.0014,0.1076,0.0008,0.0016,6.859885,6.859885,0.0016,0.0000,0.0000,0.0000,-0.0199,1.1e-03,74.3
99,6.882809,6.882809,0.0014,0.1020,0.0005,0.0010,6.835693,6.835693,0.0016,0.0000,0.0000,0.0000,-0.0471,1.1e-03,74.3
100,6.878049,6.878049,0.0015,0.0504,0.0003,0.0006,6.864432,6.864432,0.0016,0.0000,0.0000,0.0000,-0.0136,1.1e-03,74.3
101,6.896614,6.896614,0.0015,0.0700,0.0003,0.0007,6.882998,6.882998,0.0015,0.0000,0.0000,0.0000,-0.0136,1.0e-03,74.6
102,6.888134,6.888134,0.0014,0.0952,0.0003,0.0006,6.852679,6.852679,0.0016,0.0000,0.0000,0.0000,-0.0355,1.0e-03,74.2
103,6.886337,6.886337,0.0015,0.1556,0.0003,0.0007,6.856404,6.856404,0.0016,0.0000,0.0000,0.0000,-0.0299,1.0e-03,74.5
104,6.883861,6.883861,0.0015,0.0909,0.0003,0.0006,6.846680,6.846680,0.0016,0.0000,0.0000,0.0000,-0.0372,1.0e-03,74.2
105,6.886800,6.886800,0.0015,0.0980,0.0005,0.0010,6.853674,6.853674,0.0016,0.0000,0.0000,0.0000,-0.0331,9.9e-04,74.6
106,6.878840,6.878840,0.0015,0.0000,0.0000,0.0000,6.852234,6.852234,0.0016,0.0000,0.0000,0.0000,-0.0266,9.7e-04,74.3
107,6.881030,6.881030,0.0015,0.0733,0.0005,0.0010,6.848274,6.848274,0.0016,0.0000,0.0000,0.0000,-0.0328,9.5e-04,74.4
108,6.881948,6.881948,0.0015,0.1000,0.0001,0.0003,6.855979,6.855979,0.0016,0.0000,0.0000,0.0000,-0.0260,9.4e-04,74.6
109,6.895660,6.895660,0.0015,0.0870,0.0001,0.0002,6.876549,6.876549,0.0016,0.0000,0.0000,0.0000,-0.0191,9.2e-04,74.3
110,6.895309,6.895309,0.0015,0.0833,0.0001,0.0003,6.869503,6.869503,0.0016,0.0000,0.0000,0.0000,-0.0258,9.1e-04,74.6
111,6.889998,6.889998,0.0015,0.1600,0.0002,0.0004,6.860951,6.860951,0.0016,0.0000,0.0000,0.0000,-0.0290,8.9e-04,74.3
112,6.877923,6.877923,0.0015,0.2105,0.0002,0.0004,6.849981,6.849981,0.0015,0.0000,0.0000,0.0000,-0.0279,8.8e-04,74.7
113,6.892436,6.892436,0.0015,0.1000,0.0000,0.0001,6.877698,6.877698,0.0016,0.0000,0.0000,0.0000,-0.0147,8.6e-04,74.5
114,6.887617,6.887617,0.0015,0.1429,0.0002,0.0004,6.864389,6.864389,0.0016,0.0000,0.0000,0.0000,-0.0232,8.5e-04,74.3
115,6.884437,6.884437,0.0015,0.0897,0.0010,0.0019,6.865327,6.865327,0.0016,0.0000,0.0000,0.0000,-0.0191,8.3e-04,74.6
116,6.885545,6.885545,0.0015,0.0824,0.0010,0.0020,6.858766,6.858766,0.0016,0.0000,0.0000,0.0000,-0.0268,8.1e-04,74.3
117,6.875252,6.875252,0.0015,0.0692,0.0018,0.0035,6.871441,6.871441,0.0016,0.0000,0.0000,0.0000,-0.0038,8.0e-04,74.5
118,6.886931,6.886931,0.0016,0.0977,0.0019,0.0037,6.868344,6.868344,0.0016,0.0000,0.0000,0.0000,-0.0186,7.8e-04,74.3
119,6.888198,6.888198,0.0016,0.0866,0.0020,0.0040,6.872774,6.872774,0.0016,0.0000,0.0000,0.0000,-0.0154,7.7e-04,74.3
120,6.889310,6.889310,0.0015,0.0761,0.0017,0.0033,6.869602,6.869602,0.0016,0.0000,0.0000,0.0000,-0.0197,7.5e-04,74.3
121,6.886551,6.886551,0.0015,0.0802,0.0025,0.0048,6.877895,6.877895,0.0016,0.0000,0.0000,0.0000,-0.0087,7.4e-04,74.3
122,6.883930,6.883930,0.0015,0.0820,0.0022,0.0042,6.865312,6.865312,0.0015,0.0000,0.0000,0.0000,-0.0186,7.2e-04,74.1
123,6.900432,6.900432,0.0015,0.0753,0.0046,0.0086,6.893927,6.893927,0.0016,0.0000,0.0000,0.0000,-0.0065,7.1e-04,73.9
124,6.905851,6.905851,0.0014,0.0815,0.0110,0.0193,6.881543,6.881543,0.0016,0.0000,0.0000,0.0000,-0.0243,6.9e-04,74.1
125,6.896608,6.896608,0.0014,0.0882,0.0037,0.0072,6.885529,6.885529,0.0016,0.0000,0.0000,0.0000,-0.0111,6.8e-04,73.8
126,6.898247,6.898247,0.0014,0.0867,0.0036,0.0068,6.884827,6.884827,0.0016,0.0000,0.0000,0.0000,-0.0134,6.6e-04,73.9
127,6.886173,6.886173,0.0014,0.0779,0.0045,0.0085,6.878792,6.878792,0.0015,0.0000,0.0000,0.0000,-0.0074,6.5e-04,74.0
128,6.894975,6.894975,0.0014,0.0851,0.0067,0.0124,6.898007,6.898007,0.0016,0.0000,0.0000,0.0000,0.0030,6.4e-04,74.0
129,6.905522,6.905522,0.0014,0.0824,0.0061,0.0114,6.890623,6.890623,0.0015,0.0000,0.0000,0.0000,-0.0149,6.2e-04,74.2
130,6.898936,6.898936,0.0014,0.0745,0.0060,0.0111,6.887394,6.887394,0.0015,0.0000,0.0000,0.0000,-0.0115,6.1e-04,74.0
131,6.896489,6.896489,0.0013,0.0750,0.0066,0.0121,6.885502,6.885502,0.0015,0.0000,0.0000,0.0000,-0.0110,5.9e-04,74.2
132,6.895743,6.895743,0.0013,0.0800,0.0065,0.0119,6.878856,6.878856,0.0015,0.0000,0.0000,0.0000,-0.0169,5.8e-04,74.0
133,6.895061,6.895061,0.0014,0.0819,0.0075,0.0137,6.890140,6.890140,0.0015,0.0000,0.0000,0.0000,-0.0049,5.6e-04,74.0
134,6.898791,6.898791,0.0014,0.0727,0.0104,0.0182,6.888833,6.888833,0.0015,0.0000,0.0000,0.0000,-0.0100,5.5e-04,73.9
135,6.900175,6.900175,0.0014,0.0856,0.0133,0.0231,6.885764,6.885764,0.0015,0.0000,0.0000,0.0000,-0.0144,5.4e-04,73.9
136,6.900778,6.900778,0.0013,0.0751,0.0114,0.0198,6.896912,6.896912,0.0015,0.0000,0.0000,0.0000,-0.0039,5.2e-04,74.0
137,6.898094,6.898094,0.0013,0.0797,0.0116,0.0203,6.885737,6.885737,0.0015,0.0000,0.0000,0.0000,-0.0124,5.1e-04,73.9
138,6.898134,6.898134,0.0013,0.0759,0.0122,0.0211,6.885215,6.885215,0.0014,0.0000,0.0000,0.0000,-0.0129,5.0e-04,74.5
139,6.894670,6.894670,0.0013,0.0870,0.0101,0.0182,6.882140,6.882140,0.0014,0.0000,0.0000,0.0000,-0.0125,4.8e-04,74.1
140,6.893257,6.893257,0.0013,0.0849,0.0073,0.0135,6.886195,6.886195,0.0015,0.0000,0.0000,0.0000,-0.0071,4.7e-04,74.2
141,6.895892,6.895892,0.0014,0.0817,0.0080,0.0145,6.887677,6.887677,0.0015,0.0000,0.0000,0.0000,-0.0082,4.6e-04,74.3
142,6.895213,6.895213,0.0013,0.0802,0.0107,0.0188,6.877572,6.877572,0.0013,0.0000,0.0000,0.0000,-0.0176,4.5e-04,74.3
143,6.890646,6.890646,0.0013,0.0854,0.0097,0.0174,6.882387,6.882387,0.0014,0.0000,0.0000,0.0000,-0.0083,4.3e-04,74.6
144,6.886164,6.886164,0.0013,0.0781,0.0084,0.0151,6.873203,6.873203,0.0011,0.0000,0.0000,0.0000,-0.0130,4.2e-04,74.4
145,6.888827,6.888827,0.0013,0.0770,0.0074,0.0135,6.896332,6.896332,0.0011,0.0000,0.0000,0.0000,0.0075,4.1e-04,74.5
146,6.898534,6.898534,0.0013,0.0788,0.0067,0.0124,6.886760,6.886760,0.0011,0.0000,0.0000,0.0000,-0.0118,4.0e-04,74.2
147,6.897535,6.897535,0.0013,0.0875,0.0125,0.0218,6.892190,6.892190,0.0013,0.0000,0.0000,0.0000,-0.0053,3.8e-04,74.3
148,6.900030,6.900030,0.0013,0.0796,0.0140,0.0238,6.895682,6.895682,0.0014,0.0000,0.0000,0.0000,-0.0043,3.7e-04,74.3
149,6.899981,6.899981,0.0014,0.0837,0.0191,0.0311,6.894375,6.894375,0.0014,0.0000,0.0000,0.0000,-0.0056,3.6e-04,74.2
150,6.899266,6.899266,0.0014,0.0811,0.0119,0.0207,6.891430,6.891430,0.0014,0.0000,0.0000,0.0000,-0.0078,3.5e-04,74.4
151,6.896507,6.896507,0.0014,0.0767,0.0093,0.0166,6.888058,6.888058,0.0014,0.0000,0.0000,0.0000,-0.0084,3.4e-04,74.3
152,6.894990,6.894990,0.0014,0.0908,0.0106,0.0190,6.889064,6.889064,0.0014,0.0000,0.0000,0.0000,-0.0059,3.3e-04,74.5
153,6.900636,6.900636,0.0014,0.0810,0.0162,0.0270,6.898495,6.898495,0.0015,0.0000,0.0000,0.0000,-0.0021,3.2e-04,74.2
154,6.895514,6.895514,0.0013,0.0812,0.0209,0.0332,6.887294,6.887294,0.0015,0.0000,0.0000,0.0000,-0.0082,3.1e-04,74.3
155,6.891268,6.891268,0.0013,0.0885,0.0232,0.0367,6.885357,6.885357,0.0015,0.0000,0.0000,0.0000,-0.0059,3.0e-04,74.2
156,6.892175,6.892175,0.0013,0.0828,0.0198,0.0319,6.884812,6.884812,0.0013,0.0000,0.0000,0.0000,-0.0074,2.8e-04,74.3
157,6.891996,6.891996,0.0013,0.0901,0.0180,0.0300,6.890008,6.890008,0.0014,0.0000,0.0000,0.0000,-0.0020,2.7e-04,74.5
158,6.894017,6.894017,0.0014,0.0806,0.0208,0.0330,6.885903,6.885903,0.0015,0.0000,0.0000,0.0000,-0.0081,2.6e-04,74.6
159,6.894643,6.894643,0.0014,0.0830,0.0267,0.0404,6.891308,6.891308,0.0015,0.0000,0.0000,0.0000,-0.0033,2.6e-04,74.5
160,6.896687,6.896687,0.0014,0.0869,0.0286,0.0431,6.891899,6.891899,0.0015,0.0000,0.0000,0.0000,-0.0048,2.5e-04,74.3
161,6.896714,6.896714,0.0014,0.0823,0.0264,0.0400,6.892062,6.892062,0.0015,0.0000,0.0000,0.0000,-0.0047,2.4e-04,74.2
162,6.896011,6.896011,0.0014,0.0831,0.0246,0.0380,6.892611,6.892611,0.0014,0.0000,0.0000,0.0000,-0.0034,2.3e-04,74.1
163,6.894961,6.894961,0.0014,0.0842,0.0258,0.0395,6.885995,6.885995,0.0014,0.0000,0.0000,0.0000,-0.0090,2.2e-04,74.2
164,6.892703,6.892703,0.0014,0.0829,0.0302,0.0442,6.887695,6.887695,0.0014,0.0000,0.0000,0.0000,-0.0050,2.1e-04,74.6
165,6.898923,6.898923,0.0014,0.0800,0.0315,0.0452,6.893302,6.893302,0.0014,0.0000,0.0000,0.0000,-0.0056,2.0e-04,74.6
166,6.897820,6.897820,0.0014,0.0832,0.0314,0.0456,6.891003,6.891003,0.0014,0.0000,0.0000,0.0000,-0.0068,1.9e-04,74.5
167,6.893587,6.893587,0.0014,0.0833,0.0272,0.0410,6.887169,6.887169,0.0014,0.0000,0.0000,0.0000,-0.0064,1.8e-04,74.2
168,6.892614,6.892614,0.0014,0.0741,0.0267,0.0393,6.889852,6.889852,0.0015,0.0000,0.0000,0.0000,-0.0028,1.8e-04,74.2
169,6.898101,6.898101,0.0015,0.0818,0.0396,0.0533,6.895211,6.895211,0.0015,0.0000,0.0000,0.0000,-0.0029,1.7e-04,74.2
170,6.899474,6.899474,0.0014,0.0843,0.0344,0.0488,6.894655,6.894655,0.0014,0.0000,0.0000,0.0000,-0.0048,1.6e-04,74.3
171,6.898766,6.898766,0.0014,0.0762,0.0349,0.0479,6.892182,6.892182,0.0014,0.0000,0.0000,0.0000,-0.0066,1.5e-04,74.5
172,6.895438,6.895438,0.0014,0.0770,0.0337,0.0469,6.888419,6.888419,0.0014,0.0000,0.0000,0.0000,-0.0070,1.5e-04,74.3
173,6.894880,6.894880,0.0015,0.0798,0.0425,0.0555,6.891208,6.891208,0.0014,0.0000,0.0000,0.0000,-0.0037,1.4e-04,74.5
174,6.897022,6.897022,0.0015,0.0790,0.0458,0.0580,6.894006,6.894006,0.0014,0.0000,0.0000,0.0000,-0.0030,1.3e-04,74.2
175,6.899013,6.899013,0.0015,0.0812,0.0433,0.0565,6.893880,6.893880,0.0014,0.0000,0.0000,0.0000,-0.0051,1.3e-04,74.3
176,6.898513,6.898513,0.0014,0.0822,0.0387,0.0526,6.894897,6.894897,0.0014,0.0000,0.0000,0.0000,-0.0036,1.2e-04,74.3
177,6.899881,6.899881,0.0014,0.0835,0.0423,0.0562,6.896840,6.896840,0.0014,0.0000,0.0000,0.0000,-0.0030,1.2e-04,74.2
178,6.900270,6.900270,0.0014,0.0806,0.0391,0.0526,6.895608,6.895608,0.0014,0.0000,0.0000,0.0000,-0.0047,1.1e-04,74.4
179,6.899237,6.899237,0.0014,0.0805,0.0400,0.0535,6.893098,6.893098,0.0014,0.0000,0.0000,0.0000,-0.0061,1.1e-04,74.2
180,6.897165,6.897165,0.0014,0.0790,0.0332,0.0467,6.893602,6.893602,0.0014,0.0000,0.0000,0.0000,-0.0036,1.0e-04,74.6
181,6.897442,6.897442,0.0014,0.0819,0.0352,0.0493,6.894399,6.894399,0.0014,0.0000,0.0000,0.0000,-0.0030,9.5e-05,74.2
182,6.897949,6.897949,0.0014,0.0793,0.0362,0.0497,6.894029,6.894029,0.0014,0.0000,0.0000,0.0000,-0.0039,9.1e-05,74.3
183,6.897808,6.897808,0.0014,0.0780,0.0363,0.0496,6.894508,6.894508,0.0014,0.0000,0.0000,0.0000,-0.0033,8.6e-05,74.2
184,6.898872,6.898872,0.0014,0.0817,0.0379,0.0517,6.896150,6.896150,0.0014,0.0000,0.0000,0.0000,-0.0027,8.2e-05,74.3
185,6.898794,6.898794,0.0013,0.0786,0.0370,0.0503,6.894529,6.894529,0.0014,0.0000,0.0000,0.0000,-0.0043,7.8e-05,74.7
186,6.897812,6.897812,0.0014,0.0783,0.0354,0.0488,6.894607,6.894607,0.0014,0.0000,0.0000,0.0000,-0.0032,7.5e-05,74.3
187,6.897020,6.897020,0.0013,0.0780,0.0390,0.0520,6.892913,6.892913,0.0014,0.0000,0.0000,0.0000,-0.0041,7.1e-05,74.5
188,6.896548,6.896548,0.0014,0.0831,0.0413,0.0552,6.892272,6.892272,0.0014,0.0000,0.0000,0.0000,-0.0043,6.8e-05,74.3
189,6.896373,6.896373,0.0013,0.0794,0.0397,0.0530,6.892653,6.892653,0.0014,0.0000,0.0000,0.0000,-0.0037,6.5e-05,74.2
190,6.897085,6.897085,0.0013,0.0804,0.0431,0.0561,6.892725,6.892725,0.0014,0.0000,0.0000,0.0000,-0.0044,6.3e-05,74.4
191,6.896643,6.896643,0.0013,0.0811,0.0415,0.0549,6.892506,6.892506,0.0014,0.0000,0.0000,0.0000,-0.0041,6.0e-05,74.4
192,6.895748,6.895748,0.0013,0.0806,0.0386,0.0522,6.891290,6.891290,0.0013,0.0000,0.0000,0.0000,-0.0045,5.8e-05,74.6
193,6.896186,6.896186,0.0013,0.0824,0.0403,0.0541,6.892010,6.892010,0.0013,0.0000,0.0000,0.0000,-0.0042,5.6e-05,74.2
194,6.896433,6.896433,0.0013,0.0822,0.0409,0.0546,6.892745,6.892745,0.0013,0.0000,0.0000,0.0000,-0.0037,5.5e-05,74.5
195,6.896765,6.896765,0.0013,0.0775,0.0385,0.0515,6.893769,6.893769,0.0014,0.0000,0.0000,0.0000,-0.0030,5.3e-05,74.3
196,6.896870,6.896870,0.0014,0.0789,0.0386,0.0518,6.892147,6.892147,0.0014,0.0000,0.0000,0.0000,-0.0047,5.2e-05,74.3
197,6.896357,6.896357,0.0014,0.0794,0.0392,0.0525,6.892322,6.892322,0.0013,0.0000,0.0000,0.0000,-0.0040,5.1e-05,74.4
198,6.895791,6.895791,0.0014,0.0799,0.0405,0.0537,6.890778,6.890778,0.0014,0.0000,0.0000,0.0000,-0.0050,5.1e-05,74.3
199,6.895344,6.895344,0.0014,0.0802,0.0394,0.0529,6.891683,6.891683,0.0014,0.0000,0.0000,0.0000,-0.0037,5.0e-05,74.6
200,6.895435,6.895435,0.0014,0.0804,0.0393,0.0528,6.890954,6.890954,0.0014,0.0000,0.0000,0.0000,-0.0045,5.0e-05,74.3
